{
	"format_version": "1.8.0",
	"animations": {
	  "animation.nicothekid_cave_wolf.attack": {
			"loop": true,
			"animation_length": 0.5,
			"bones": {
				"upper_mouth": {
					"rotation": {
						"0.0": [0, 0, 0],
						"0.25": [-5, 0, 0],
						"0.5": [0, 0, 0]
					}
				},
				"lower_mouth": {
					"rotation": {
						"0.0": [0, 0, 0],
						"0.25": [30, 0, 0],
						"0.5": [0, 0, 0]
					}
				},
				"tail": {
					"rotation": {
						"0.0": [0, 0, 0],
						"0.25": [45, 0, 0],
						"0.5": [0, 0, 0]
					}
				},
				"body_base": {
					"rotation": {
						"0.0": [0, 0, 0],
						"0.25": [5, 0, 0],
						"0.5": [0, 0, 0]
					},
					"position": {
						"0.0": [0, 0, 0],
						"0.25": [0, -1, 0],
						"0.5": [0, 0, 0]
					}
				},
				"head": {
					"rotation": {
						"0.0": [0, 0, 0],
						"0.1667": [0, 0, -2.5],
						"0.25": [0, 0, 0.63],
						"0.3333": [0, 0, -2.08],
						"0.5": [0, 0, 0]
					},
					"position": {
						"0.0": [0, 0, 0],
						"0.25": [0, -2, -2],
						"0.5": [0, 0, 0]
					}
				},
				"arm0": {
					"rotation": {
						"0.0": [0, 0, 0],
						"0.25": [-9.85108, 1.72794, 9.85108],
						"0.5": [0, 0, 0]
					}
				},
				"arm1": {
					"rotation": {
						"0.0": [0, 0, 0],
						"0.25": [-9.85108, -1.72794, -9.85108],
						"0.5": [0, 0, 0]
					}
				},
				"leg0": {
					"rotation": {
						"0.0": [0, 0, 0],
						"0.25": [-4.98107, 0.43523, 4.98107],
						"0.5": [0, 0, 0]
					}
				},
				"leg1": {
					"rotation": {
						"0.0": [0, 0, 0],
						"0.25": [-4.98107, -0.43523, -4.98107],
						"0.5": [0, 0, 0]
					}
				}
			}
		},
		"animation.nicothekid_cave_wolf.baby_transform": {
      "loop": true,
      "bones": {
        "head": {
          "scale": 1.4
        }
      }
    },
    "animation.nicothekid_cave_wolf.interested": {
			"loop": true,
			"animation_length": 0.5,
			"bones": {
				"head": {
					"rotation": {
						"0.0": [0, 0, 15],
						"0.5": [0, 0, 15]
					}
				},
				"ear_1": {
					"rotation": {
						"0.0": [0, 0, -15],
						"0.5": [0, 0, -15]
					}
				},
				"ear_2": {
					"rotation": {
						"0.0": [0, 0, 15],
						"0.5": [0, 0, 15]
					}
				},
				"tail": {
					"rotation": {
						"0.0": [55.34527, 17, 2.66399],
						"0.0833": [55.34527, -17, -2.66399],
						"0.1667": [55.34527, 17, 2.66399],
						"0.25": [55.34527, -17, -2.66399],
						"0.3333": [55.34527, 17, 2.66399],
						"0.4167": [55.34527, -17, -2.66399],
						"0.5": [55.34527, 17, 2.66399]
					}
				}
			}
		},
		"animation.nicothekid_cave_wolf.sitting": {
			"loop": "hold_on_last_frame",
			"animation_length": 0.5,
			"bones": {
				"body_base": {
					"rotation": {
						"0.0": [0, 0, 0],
						"0.5": [-35, 0, 0]
					},
					"position": {
						"0.0": [0, 0, 0],
						"0.5": [0, -5, 1]
					}
				},
				"head": {
					"position": {
						"0.0": [0, 0, 0],
						"0.5": [0, -2, 2]
					}
				},
				"tail": {
					"rotation": {
						"0.0": [0, 0, 0],
						"0.5": [17.5, 0, 0]
					},
					"position": {
						"0.0": [0, 0, 0],
						"0.5": [0, -10, 0]
					}
				},
				"arm0": {
					"rotation": {
						"0.0": [0, 0, 0],
						"0.5": [-29.97638, 1.2497, 2.16541]
					},
					"position": {
						"0.0": [0, 0, 0],
						"0.5": [0, -1, 0]
					}
				},
				"arm1": {
					"rotation": {
						"0.0": [0, 0, 0],
						"0.5": [-29.97638, -1.2497, -2.16541]
					},
					"position": {
						"0.0": [0, 0, 0],
						"0.5": [0, -1, 0]
					}
				},
				"leg0": {
					"rotation": {
						"0.0": [0, 0, 0],
						"0.5": [-90, 5, 0]
					},
					"position": {
						"0.0": [0, 0, 0],
						"0.5": [0, -8, -1]
					}
				},
				"leg1": {
					"rotation": {
						"0.0": [0, 0, 0],
						"0.5": [-90, -5, 0]
					},
					"position": {
						"0.0": [0, 0, 0],
						"0.5": [0, -8, -1]
					}
				}
			}
		},
		"animation.nicothekid_cave_wolf.walking": {
			"loop": true,
			"animation_length": 1,
			"bones": {
			  "head": {
					"rotation": {
						"0.0": [0, 0, 0],
						"0.5": [5, 0, 0],
						"1.0": [0, 0, 0]
					}
				},
				"ear_1": {
					"rotation": {
						"0.0": [0, 0, 0],
						"0.5": [-0.88045, 9.96156, -5.07673],
						"1.0": [0, 0, 0]
					}
				},
				"ear_2": {
					"rotation": {
						"0.0": [0, 0, 0],
						"0.5": [-0.88045, -9.96156, 5.07673],
						"1.0": [0, 0, 0]
					}
				},
				"arm0": {
					"rotation": {
						"0.0": [0, 0, 0],
						"0.25": [25, 0, 0],
						"0.5": [0, 0, 0],
						"0.75": [-25, 0, 0],
						"1.0": [0, 0, 0]
					}
				},
				"arm1": {
					"rotation": {
						"0.0": [0, 0, 0],
						"0.25": [-25, 0, 0],
						"0.5": [0, 0, 0],
						"0.75": [25, 0, 0],
						"1.0": [0, 0, 0]
					}
				},
				"leg0": {
					"rotation": {
						"0.0": [0, 0, 0],
						"0.25": [-25, 0, 0],
						"0.5": [0, 0, 0],
						"0.75": [25, 0, 0],
						"1.0": [0, 0, 0]
					}
				},
				"leg1": {
					"rotation": {
						"0.0": [0, 0, 0],
						"0.25": [25, 0, 0],
						"0.5": [0, 0, 0],
						"0.75": [-25, 0, 0],
						"1.0": [0, 0, 0]
					}
				},
				"tail": {
					"rotation": {
						"0.0": [0, 0, 0],
						"0.25": [0, -15, 0],
						"0.5": [0, 0, 0],
						"0.75": [0, 15, 0],
						"1.0": [0, 0, 0]
					}
				}
			}
		}
	}
}