{
	"format_version": "1.8.0",
	"animations": {
		"animation.nicothekid_wandering_collector.targeting": {
			"loop": true,
			"animation_length": 1,
			"bones": {
				"rightArm": {
					"rotation": {
						"0.0": [-79.65473, -14.76689, -2.66399],
						"0.25": [-69.65473, -14.76689, -2.66399],
						"0.5": [-82.98806, -14.76689, -2.66399],
						"0.75": [-91.3214, -14.76689, -2.66399],
						"1.0": [-79.65473, -14.76689, -2.66399]
					}
				},
				"leftArm": {
					"rotation": {
						"0.0": [-79.65473, 14.76689, 2.66399],
						"0.25": [-89.65473, 14.76689, 2.66399],
						"0.5": [-76.3214, 14.76689, 2.66399],
						"0.75": [-67.98806, 14.76689, 2.66399],
						"1.0": [-79.65473, 14.76689, 2.66399]
					}
				}
			}
		},
		"animation.nicothekid_wandering_collector.general": {
			"loop": true,
			"bones": {
				"arms": {
					"position": [ 0.0, "-3.0 - this", "-1.0 - this" ],
					"rotation": [ "-42.97 - this", "- this", "- this" ]
				}
			}
		}
	}
}
